"H75","H100","p75","p100","fixed_capN","seed","fixed_kappa","fixed_delta","fixed_psi","varsigma","N","fixed_lambda","fixed_tau","fixed_eta","totalCapacity","OBS_PERIOD","W","PATIENT_INIT","Pi","PROVIDER_INIT","fixed_capE","id","fixed_rho"
"8.839720168854694","8.652229963847896","58.0","58.0","10.0","1768338708137","0.0","0.0","0.5","100","1000","0.5","0.44","1.0","67","25","39","applyFixed","basal","applyFixed","10.0","3712","1.0"
"8.700754966841432","8.624717944852625","97.0","97.0","10.0","1768338708137","0.0","0.0","0.5","100","1000","0.5","0.67","1.0","67","25","39","applyFixed","basal","applyFixed","10.0","3713","1.0"
"8.659511792119597","8.634101034981036","122.0","122.0","10.0","1768338708137","0.0","0.0","0.5","100","1000","0.5","0.89","1.0","67","25","39","applyFixed","basal","applyFixed","10.0","3714","1.0"
"8.62853886467241","8.62482546566127","132.0","132.0","10.0","1768338708137","0.0","0.0","0.5","100","1000","0.5","1.11","1.0","67","25","39","applyFixed","basal","applyFixed","10.0","3715","1.0"
"8.629792014688443","8.62482546566127","132.0","132.0","10.0","1768338708137","0.0","0.0","0.5","100","1000","0.5","1.33","1.0","67","25","39","applyFixed","basal","applyFixed","10.0","3716","1.0"
"8.625247693142567","8.62482546566127","133.0","133.0","10.0","1768338708137","0.0","0.0","0.5","100","1000","0.5","1.56","1.0","67","25","39","applyFixed","basal","applyFixed","10.0","3717","1.0"
"8.61594158411822","8.615494785381138","134.0","134.0","10.0","1768338708137","0.0","0.0","0.5","100","1000","0.5","1.78","1.0","67","25","39","applyFixed","basal","applyFixed","10.0","3718","1.0"
"8.61588784853402","8.615494785381138","134.0","134.0","10.0","1768338708137","0.0","0.0","0.5","100","1000","0.5","2.0","1.0","67","25","39","applyFixed","basal","applyFixed","10.0","3719","1.0"
"9.99999999999991","9.99999999999991","0.0","0.0","10.0","1768338708137","0.0","0.0","0.5","100","1500","0.5","0.0","1.0","67","25","39","applyFixed","basal","applyFixed","10.0","3720","1.0"
"9.4980112031332","9.279773941987074","0.0","0.0","10.0","1768338708137","0.0","0.0","0.5","100","1500","0.5","0.22","1.0","67","25","39","applyFixed","basal","applyFixed","10.0","3721","1.0"
"9.212443729534591","9.096882350238609","59.0","59.0","10.0","1768338708137","0.0","0.0","0.5","100","1500","0.5","0.44","1.0","67","25","39","applyFixed","basal","applyFixed","10.0","3722","1.0"
"9.113440953262955","9.096524420779557","118.0","118.0","10.0","1768338708137","0.0","0.0","0.5","100","1500","0.5","0.67","1.0","67","25","39","applyFixed","basal","applyFixed","10.0","3723","1.0"
"9.094886700362798","9.09033951788221","128.0","128.0","10.0","1768338708137","0.0","0.0","0.5","100","1500","0.5","0.89","1.0","67","25","39","applyFixed","basal","applyFixed","10.0","3724","1.0"
"9.094473134680383","9.09033951788221","131.0","131.0","10.0","1768338708137","0.0","0.0","0.5","100","1500","0.5","1.11","1.0","67","25","39","applyFixed","basal","applyFixed","10.0","3725","1.0"
"9.100023611422463","9.096630773899612","130.0","130.0","10.0","1768338708137","0.0","0.0","0.5","100","1500","0.5","1.33","1.0","67","25","39","applyFixed","basal","applyFixed","10.0","3726","1.0"
"9.096630773899612","9.096630773899612","132.0","132.0","10.0","1768338708137","0.0","0.0","0.5","100","1500","0.5","1.56","1.0","67","25","39","applyFixed","basal","applyFixed","10.0","3727","1.0"
"9.09033951788221","9.09033951788221","133.0","133.0","10.0","1768338708137","0.0","0.0","0.5","100","1500","0.5","1.78","1.0","67","25","39","applyFixed","basal","applyFixed","10.0","3728","1.0"
"9.101066950592543","9.096595101421832","130.0","130.0","10.0","1768338708137","0.0","0.0","0.5","100","1500","0.5","2.0","1.0","67","25","39","applyFixed","basal","applyFixed","10.0","3729","1.0"
"10.000000000000163","10.000000000000163","0.0","0.0","10.0","1768338708137","0.0","0.0","0.5","100","2000","0.5","0.0","1.0","67","25","39","applyFixed","basal","applyFixed","10.0","3730","1.0"
"9.63263366869242","9.462216360097832","0.0","0.0","10.0","1768338708137","0.0","0.0","0.5","100","2000","0.5","0.22","1.0","67","25","39","applyFixed","basal","applyFixed","10.0","3731","1.0"
"9.405313001717793","9.295384857404446","42.0","42.0","10.0","1768338708137","0.0","0.0","0.5","100","2000","0.5","0.44","1.0","67","25","39","applyFixed","basal","applyFixed","10.0","3732","1.0"
"9.330838698679095","9.30023639421581","109.0","109.0","10.0","1768338708137","0.0","0.0","0.5","100","2000","0.5","0.67","1.0","67","25","39","applyFixed","basal","applyFixed","10.0","3733","1.0"
"9.303566017071216","9.286178424999392","122.0","122.0","10.0","1768338708137","0.0","0.0","0.5","100","2000","0.5","0.89","1.0","67","25","39","applyFixed","basal","applyFixed","10.0","3734","1.0"
"9.294200631981825","9.28603729280352","130.0","130.0","10.0","1768338708137","0.0","0.0","0.5","100","2000","0.5","1.11","1.0","67","25","39","applyFixed","basal","applyFixed","10.0","3735","1.0"
"9.296520084833071","9.289777021336514","134.0","134.0","10.0","1768338708137","0.0","0.0","0.5","100","2000","0.5","1.33","1.0","67","25","39","applyFixed","basal","applyFixed","10.0","3736","1.0"
"9.299877824055422","9.289777021336514","131.0","131.0","10.0","1768338708137","0.0","0.0","0.5","100","2000","0.5","1.56","1.0","67","25","39","applyFixed","basal","applyFixed","10.0","3737","1.0"
"9.291639693021864","9.289777021336514","136.0","136.0","10.0","1768338708137","0.0","0.0","0.5","100","2000","0.5","1.78","1.0","67","25","39","applyFixed","basal","applyFixed","10.0","3738","1.0"
"9.2920135073612","9.289777021336514","135.0","135.0","10.0","1768338708137","0.0","0.0","0.5","100","2000","0.5","2.0","1.0","67","25","39","applyFixed","basal","applyFixed","10.0","3739","1.0"
"9.999999999999343","9.999999999999343","0.0","0.0","10.0","1768338708137","0.0","0.0","0.5","100","2500","0.5","0.0","1.0","67","25","39","applyFixed","basal","applyFixed","10.0","3740","1.0"
"9.70744262858934","9.575160900469916","0.0","0.0","10.0","1768338708137","0.0","0.0","0.5","100","2500","0.5","0.22","1.0","67","25","39","applyFixed","basal","applyFixed","10.0","3741","1.0"
"9.543503432676967","9.456813733634965","50.0","50.0","10.0","1768338708137","0.0","0.0","0.5","100","2500","0.5","0.44","1.0","67","25","39","applyFixed","basal","applyFixed","10.0","3742","1.0"
"9.486547743696068","9.466877857440227","108.0","108.0","10.0","1768338708137","0.0","0.0","0.5","100","2500","0.5","0.67","1.0","67","25","39","applyFixed","basal","applyFixed","10.0","3743","1.0"
"9.472061823014672","9.466877857440227","118.0","118.0","10.0","1768338708137","0.0","0.0","0.5","100","2500","0.5","0.89","1.0","67","25","39","applyFixed","basal","applyFixed","10.0","3744","1.0"
"9.468081941310041","9.463145034379686","124.0","124.0","10.0","1768338708137","0.0","0.0","0.5","100","2500","0.5","1.11","1.0","67","25","39","applyFixed","basal","applyFixed","10.0","3745","1.0"
"9.466759279737827","9.463145034379686","127.0","127.0","10.0","1768338708137","0.0","0.0","0.5","100","2500","0.5","1.33","1.0","67","25","39","applyFixed","basal","applyFixed","10.0","3746","1.0"
"9.466474021090761","9.463145034379686","126.0","126.0","10.0","1768338708137","0.0","0.0","0.5","100","2500","0.5","1.56","1.0","67","25","39","applyFixed","basal","applyFixed","10.0","3747","1.0"
"9.461224204884374","9.459454013606637","129.0","129.0","10.0","1768338708137","0.0","0.0","0.5","100","2500","0.5","1.78","1.0","67","25","39","applyFixed","basal","applyFixed","10.0","3748","1.0"
"9.46141871327012","9.459454013606637","129.0","129.0","10.0","1768338708137","0.0","0.0","0.5","100","2500","0.5","2.0","1.0","67","25","39","applyFixed","basal","applyFixed","10.0","3749","1.0"
"9.999999999999936","9.999999999999936","0.0","0.0","10.0","1768338708137","0.0","0.0","0.5","100","3000","0.5","0.0","1.0","67","25","39","applyFixed","basal","applyFixed","10.0","3750","1.0"
"9.754253837758865","9.644677717103017","0.0","0.0","10.0","1768338708137","0.0","0.0","0.5","100","3000","0.5","0.22","1.0","67","25","39","applyFixed","basal","applyFixed","10.0","3751","1.0"
"9.61267215494328","9.560901159334533","54.0","54.0","10.0","1768338708137","0.0","0.0","0.5","100","3000","0.5","0.44","1.0","67","25","39","applyFixed","basal","applyFixed","10.0","3752","1.0"
"9.56680668829873","9.553367079059782","112.0","112.0","10.0","1768338708137","0.0","0.0","0.5","100","3000","0.5","0.67","1.0","67","25","39","applyFixed","basal","applyFixed","10.0","3753","1.0"
"9.562877046299398","9.553115125212813","118.0","118.0","10.0","1768338708137","0.0","0.0","0.5","100","3000","0.5","0.89","1.0","67","25","39","applyFixed","basal","applyFixed","10.0","3754","1.0"
"9.561051567316762","9.559099900054418","121.0","121.0","10.0","1768338708137","0.0","0.0","0.5","100","3000","0.5","1.11","1.0","67","25","39","applyFixed","basal","applyFixed","10.0","3755","1.0"
"9.553832798855431","9.552957063886359","127.0","127.0","10.0","1768338708137","0.0","0.0","0.5","100","3000","0.5","1.33","1.0","67","25","39","applyFixed","basal","applyFixed","10.0","3756","1.0"
"9.553080654982741","9.553080654982741","130.0","130.0","10.0","1768338708137","0.0","0.0","0.5","100","3000","0.5","1.56","1.0","67","25","39","applyFixed","basal","applyFixed","10.0","3757","1.0"
"9.557438585181805","9.556155617900819","123.0","123.0","10.0","1768338708137","0.0","0.0","0.5","100","3000","0.5","1.78","1.0","67","25","39","applyFixed","basal","applyFixed","10.0","3758","1.0"
"9.549900175367316","9.549900175367316","131.0","131.0","10.0","1768338708137","0.0","0.0","0.5","100","3000","0.5","2.0","1.0","67","25","39","applyFixed","basal","applyFixed","10.0","3759","1.0"
"10.000000000000112","10.000000000000112","0.0","0.0","10.0","1768338708137","0.0","0.0","0.5","100","3500","0.5","0.0","1.0","67","25","39","applyFixed","basal","applyFixed","10.0","3760","1.0"
"9.794717388155085","9.699665653365562","0.0","0.0","10.0","1768338708137","0.0","0.0","0.5","100","3500","0.5","0.22","1.0","67","25","39","applyFixed","basal","applyFixed","10.0","3761","1.0"
"9.665371966054797","9.610000361691098","58.0","58.0","10.0","1768338708137","0.0","0.0","0.5","100","3500","0.5","0.44","1.0","67","25","39","applyFixed","basal","applyFixed","10.0","3762","1.0"
"9.630422790055423","9.614831918973959","101.0","101.0","10.0","1768338708137","0.0","0.0","0.5","100","3500","0.5","0.67","1.0","67","25","39","applyFixed","basal","applyFixed","10.0","3763","1.0"
"9.616424537898922","9.612382571658928","121.0","121.0","10.0","1768338708137","0.0","0.0","0.5","100","3500","0.5","0.89","1.0","67","25","39","applyFixed","basal","applyFixed","10.0","3764","1.0"
"9.61317636374242","9.612473090530372","126.0","126.0","10.0","1768338708137","0.0","0.0","0.5","100","3500","0.5","1.11","1.0","67","25","39","applyFixed","basal","applyFixed","10.0","3765","1.0"
"9.612839813730375","9.60979124851916","126.0","126.0","10.0","1768338708137","0.0","0.0","0.5","100","3500","0.5","1.33","1.0","67","25","39","applyFixed","basal","applyFixed","10.0","3766","1.0"
"9.612104857269387","9.60979124851916","128.0","128.0","10.0","1768338708137","0.0","0.0","0.5","100","3500","0.5","1.56","1.0","67","25","39","applyFixed","basal","applyFixed","10.0","3767","1.0"
"9.607050386603635","9.607050386603635","133.0","133.0","10.0","1768338708137","0.0","0.0","0.5","100","3500","0.5","1.78","1.0","67","25","39","applyFixed","basal","applyFixed","10.0","3768","1.0"
"9.607724493564131","9.607050386603635","130.0","130.0","10.0","1768338708137","0.0","0.0","0.5","100","3500","0.5","2.0","1.0","67","25","39","applyFixed","basal","applyFixed","10.0","3769","1.0"
"10.000000000000153","10.000000000000153","0.0","0.0","10.0","1768338708137","0.0","0.0","0.5","100","4000","0.5","0.0","1.0","67","25","39","applyFixed","basal","applyFixed","10.0","3770","1.0"
"9.817485213508984","9.73397971405206","0.0","0.0","10.0","1768338708137","0.0","0.0","0.5","100","4000","0.5","0.22","1.0","67","25","39","applyFixed","basal","applyFixed","10.0","3771","1.0"
"9.710984519068605","9.660509930123753","46.0","46.0","10.0","1768338708137","0.0","0.0","0.5","100","4000","0.5","0.44","1.0","67","25","39","applyFixed","basal","applyFixed","10.0","3772","1.0"
"9.665524738425992","9.652774161839362","100.0","100.0","10.0","1768338708137","0.0","0.0","0.5","100","4000","0.5","0.67","1.0","67","25","39","applyFixed","basal","applyFixed","10.0","3773","1.0"
"9.659623252260443","9.650233556671482","120.0","120.0","10.0","1768338708137","0.0","0.0","0.5","100","4000","0.5","0.89","1.0","67","25","39","applyFixed","basal","applyFixed","10.0","3774","1.0"
"9.660780513242905","9.654669141498696","123.0","123.0","10.0","1768338708137","0.0","0.0","0.5","100","4000","0.5","1.11","1.0","67","25","39","applyFixed","basal","applyFixed","10.0","3775","1.0"
