,H,N,SimpleE,SimpleC,delta
0,1.5,1.1123895473286174,0.0,43,6
1,1.6645058644968105,2.3161998168476208,0.25934430022960836,41,6
2,2.0,3.969750754254636,1.5972215256076239,19,2
3,2.0,4.441782107006404,2.6584842627279994,23,4
4,0.0,0.4423520285116016,0.0,20,2
5,1.0,5.0,0.2738515122156984,30,4
6,0.0,2.0,3.763561971242886,30,4
7,2.0,1.6324282677364135,0.8542101414771266,15,2
8,1.0,5.0,0.867956961277732,28,4
9,0.0,5.0,1.0819644265657176,34,6
10,1.0,2.0,4.428830253471711,23,4
11,1.6644829301231567,1.7722814486167726,0.0,39,6
12,0.03171255923753202,2.0,0.45354448381912116,43,6
13,3.0,4.0,0.052258916475107386,26,4
14,3.0,3.722516745884837,0.18501011298995976,13,2
15,0.0,1.0,1.606569978455898,9,2
16,8.0,2.870555712444169,3.3330915249836917,43,6
17,2.0,1.8337734420659162,0.0,21,4
18,0.0,1.6771483767628101,1.120157824933582,14,2
19,1.4686292304570472,5.0,0.7999483351045891,22,4
20,0.9641366666774758,3.035243740311203,2.3911969534634983,27,4
21,5.0,0.6570972055619784,0.0,32,4
22,0.0,4.086259874822398,2.064999385003152,31,6
23,2.0,4.605755173253668,0.987412040864673,42,6
24,1.3229583266300944,3.8231127407791696,2.0046999976505657,23,4
25,1.0,1.4713477592908282,0.4095594189704116,31,4
26,0.0,1.0,5.0,26,4
27,1.3102860222986106,2.0,2.153761926903835,24,4
28,3.0,2.0,0.2985480931215714,29,4
29,0.0,2.1182529896141817,2.894024593837742,35,6
30,4.1886115129076575,1.822968492453767,4.540833565706009,25,4
31,0.0,2.0671152136890987,0.5340371850955611,40,6
32,3.3287056557756873,2.0,0.0,35,6
33,1.0,3.5250518309563432,1.9510434462450057,32,6
34,1.0,2.481360930038171,0.7525779978837277,24,4
35,0.0,2.0,2.3950407754711964,16,2
36,0.5562880986972161,2.2050546298610296,0.33376471463064605,29,4
37,1.0,3.036055324894699,3.632581079923018,35,6
38,0.6896656192370401,2.0,3.65449090284939,15,2
39,2.0559006363155286,2.0041586037176646,0.6364320649679114,15,2
40,3.0,2.0,1.0728072606628163,29,4
41,4.0,3.987853540472237,0.5192678486044817,24,4
42,0.0,1.0,0.47102451545223595,30,4
43,3.2837571399764123,4.44318659865762,3.8237637753455416,39,6
44,0.18348780443469792,3.1415072774073316,3.35772037062109,29,4
45,1.0,2.1590377992171756,3.757007071285663,34,6
46,0.0,3.2137347667659713,0.0,21,2
47,2.0,3.75572623743739,0.0,36,6
48,1.3506469771113192,2.210032809246505,0.0,27,4
49,0.0,0.0,0.12015812370529316,31,4
50,0.0,1.8484477581242307,3.309693722794069,31,4
51,1.0,3.0,0.9549518148115914,20,2
52,0.0,2.4320994169795203,3.239912871975281,25,4
53,0.0,1.7615556007728517,1.5812583119504642,26,4
54,0.6657043273567913,1.962605087157752,0.33918307458602415,16,2
55,0.0,2.2318582229624333,1.7495991265155109,20,2
56,0.0,2.6110203577345983,0.0,25,4
57,1.3398484039939857,5.0,4.003786491362861,21,2
58,0.0,4.071290220068036,3.6863049935535734,31,4
59,2.0,3.242802600830011,1.1964213778102257,33,4
60,0.0,1.9026484682508062,0.5593116733986261,14,2
61,0.0,0.0,0.0,14,2
62,0.0,1.0256011783154984,0.0,45,6
63,1.0,3.0,0.42393697010893383,14,2
64,1.3762914483353694,1.0,0.0,17,2
65,0.494487083155164,1.947284654503509,0.26999727860022965,33,6
66,0.0,3.1313362730118826,1.464205988860864,39,6
67,0.0,2.721241208434547,0.5395908471284558,27,4
68,0.0,2.713056968936587,0.2824782379356857,43,6
69,1.0,2.829978863360246,2.625028415622263,24,4
70,1.0,3.718232223847117,0.9753391496799132,23,2
71,0.0,1.1813600650180671,2.437110995822235,35,6
72,1.0,2.09738866856636,0.7428207474932946,30,4
73,0.5041485057189279,2.450784446830566,0.5751651917132481,30,4
74,0.5945393982062899,2.161379252569361,0.22134718234878903,44,6
75,0.0,1.0,1.3648002147381646,30,4
76,1.5231415702084439,3.251034079356822,0.39908977145756996,40,6
77,1.0,3.899979491902715,2.102756165852373,27,4
78,2.0,2.2502714897628273,4.0,43,6
79,1.0,1.3719289448811702,1.4063924864255082,15,2
80,0.0,0.6742342030406299,0.8339174152016777,10,2
81,1.0,0.0,2.0629880990616356,29,4
82,1.9790957699083984,1.2828123846190689,1.7414398657837098,32,6
83,0.06616818847319816,0.0,5.0,25,4
84,0.0,3.2368844169658066,1.6052982311468986,15,2
85,0.0,4.990931884675703,0.0,31,6
86,0.0,0.0,2.328793969057579,33,6
87,0.0,1.0863674754762025,0.2732789124227602,36,6
88,0.0,0.0,1.4700630016122926,27,4
89,2.0,4.082527063429721,1.9420572753283643,38,6
90,1.694832910171142,1.2176203732151216,0.5704595384719904,35,6
91,1.3296561140794085,2.795780593738737,0.03739830550636724,17,2
92,2.0,2.9030917515861674,1.0461256616106145,19,2
93,1.0,0.0,0.03657505227338633,18,2
94,2.6442888529573807,4.0,0.31643817038215555,18,2
95,0.0,3.878636293183174,3.7774516187097356,20,4
96,3.0,5.0,3.4030420471695066,41,6
97,1.0,0.4590397416973353,0.956452664715387,42,6
98,0.0,2.2506806638753076,0.5245890543609188,25,4
99,0.33333333333333304,3.114952884190494,1.9498796837764667,38,6
100,1.0,0.0,0.28160299672578976,14,2
101,1.4438624332972576,2.599704323382735,4.020914646065106,27,4
102,1.0,2.019817895385513,1.037152731714041,13,2
103,0.0,0.9681267558615003,4.165763803509621,14,2
104,0.0,2.742433852437842,2.274341888267152,38,6
105,0.0,1.159666926623026,0.5681279311730996,25,4
106,0.0,2.0,0.0,28,4
107,1.0,4.314265313732665,2.484415259157582,41,6
108,0.0,3.5019881578238206,0.0,26,4
109,1.0,4.325599909345972,4.231865355988166,48,6
110,0.0,0.0,2.4257263696588156,21,2
111,0.0,5.0,3.213948815580943,36,6
112,2.7544894436593417,0.0,0.0,13,2
113,0.0,1.482568816791348,3.5035298209246153,43,6
114,0.0,3.7358589387923224,1.8685986544767326,30,4
115,1.0,2.669929942266103,2.5919998361821834,38,6
116,1.0,2.0519568930718464,1.0,14,2
117,0.6335733092028626,4.080351561878953,0.05327655105150778,12,2
118,2.0,0.5513906261937764,1.6356590100073332,21,2
119,1.0,1.1868251648529342,1.9736683176627192,26,4
120,0.0,3.529601009104092,1.7672908950163433,40,6
121,1.0,2.3197671579774273,0.0,17,2
122,1.0,2.924504182410436,1.9766140297420012,22,4
123,0.0,3.4597039821739086,2.889369560644499,27,4
124,4.0,4.9433902874654345,2.3711340361174535,36,6
125,1.437353985939029,3.6017973070729044,1.233687643058217,32,4
126,0.0,1.6214793748326306,1.8375390394769515,15,2
127,2.0,4.125058147068147,0.0530484876753128,25,4
128,1.0,0.0,1.0947015240275257,37,6
129,1.0,5.0,0.022065581548103397,27,4
130,2.0,1.0,0.2677911803007682,36,6
131,0.0,2.9114982016344966,0.7424806999568906,24,4
132,1.226650587093939,2.2006686603672208,4.5886518869966535,37,6
133,2.0,2.3774937464151336,1.1141869397726485,25,4
134,0.0,1.4352577051090352,0.0,31,4
135,4.28778513247175,0.7009269894501902,3.1697821819089227,40,6
136,1.0,2.3449298369566085,0.012495782214010393,27,4
137,0.0,1.0580952193451196,3.0412344364696273,35,6
138,4.0,1.771827974955532,2.1866503222931706,36,6
139,0.0,3.0186966715902175,0.6632592823209446,34,6
140,1.818172472478805,0.8546229540957571,2.067039887228833,48,6
141,1.0,3.059723604222234,4.385830979041702,40,6
142,1.0,2.05904811628874,1.939543741837365,34,6
143,0.0,0.0,3.5638119598014675,39,6
144,1.6815633877341387,2.547806487435432,0.0,36,6
145,0.0,0.36675776948339944,1.3250786938452703,41,6
146,1.3124444695135642,2.320208243232707,0.8650731869719008,36,6
147,0.0,5.0,0.0,15,2
148,0.0,2.5060304707946615,0.3003735277265248,12,2
149,1.228738635788078,5.0,1.222826086683071,41,6
150,3.672713715870839,3.522572733898066,2.328068803973785,37,6
151,3.0,5.0,0.09392196881569015,17,2
152,0.16894816137658708,2.657031756599875,1.989063108038838,18,2
153,0.0,4.532334217616108,1.7013375097987176,15,2
154,0.0,1.1402732953252546,3.389535161679168,16,2
155,1.0,0.9506960534058422,0.0,18,2
156,2.2164926605548843,3.1433462634710736,2.5475768039412383,14,2
157,0.0,3.2508384506388897,1.995994006157113,17,2
158,0.0,1.0,2.528476488733035,18,2
159,1.075380309429078,2.3222547596539442,1.2627042016158907,34,4
160,1.0,0.0,1.6985324207529287,20,2
161,0.0,1.3567791453788214,0.5914103508547295,41,6
162,1.0,2.770138979919871,2.873243609369621,16,2
163,1.0,5.0,0.0,14,2
164,2.8598035128624115,1.0,0.2017651606795058,27,4
165,1.0,5.0,0.25245189839239024,16,2
166,2.765176285561786,2.8127163890678153,0.23468305217737373,18,2
167,1.0,3.2351802509049588,0.7164728338751938,22,4
168,0.0,1.3147439454244099,0.0,18,2
169,1.0973459352473736,0.6722602376622122,0.46570309954779743,33,6
170,0.0,3.3751463671893855,1.626952918508786,28,4
171,1.0,2.4717327245897183,0.5014692459316151,18,2
172,0.0,3.7372215183391013,0.41863414252820574,28,4
173,2.074534956784478,3.4038758540174587,1.5032444069038493,35,6
174,1.0,2.480807596263749,0.3240527039151456,37,6
175,1.0,2.0,4.742169870352427,40,6
176,0.0,1.8589113822444379,0.0,19,2
177,1.0,3.0359135358028677,0.8004409496145619,24,4
178,1.0,0.31746508470865553,0.4698436747882974,15,2
179,0.0,3.112402914550687,1.9685876225144758,18,2
180,2.0,0.0,5.0,15,2
181,3.0,2.5208197784883337,3.7996652839796172,40,6
182,4.592966592946306,2.0935427555385857,0.0,21,2
183,1.0,3.5038781336418108,1.0088408188937026,18,2
184,0.0,1.888583739227002,2.05299016653552,14,2
185,0.0,2.306976759422845,1.6048632103883702,40,6
186,0.9190181334821763,2.4737366391559226,0.09853332392739658,33,4
187,0.0,0.1771021626659559,0.9108150593470637,26,4
188,1.0,1.4010473535755357,0.9432230577764538,17,2
189,1.0,1.323763063191432,0.9660615850139631,18,2
190,0.0,5.0,1.087992810140697,36,6
191,2.0,2.9058661883531967,2.7856439656246996,26,4
192,1.4939170209399641,2.1294481537792116,4.220102902444335,26,4
193,1.0,0.0,3.1974800673688413,36,6
194,1.0,1.6338561881344376,1.7813323223372741,37,6
195,1.0,1.4029555729140188,1.3493140351629176,29,4
196,1.0,0.27785946346093926,2.9642776874458425,33,4
197,1.0,3.5083742337136226,2.508051233922171,30,4
198,2.260451203991507,0.0,0.359250867713075,32,4
199,0.0,5.0,3.2286937510094793,23,2
200,1.0,1.0,1.7226831463675307,27,4
201,1.549437184165764,5.0,1.294068360564122,15,2
202,2.0,1.8898043649548795,0.31989440690793264,32,6
203,1.0,1.819943642194354,0.30555542556829485,14,2
204,1.0,2.224828129647081,1.5304900638754084,32,4
205,0.014509782926559023,2.842414407595233,1.8213349016180584,17,2
206,3.519804808568508,2.066223511377098,1.2916813793686075,24,4
207,0.0,1.8224582489732017,3.446051607494479,24,4
208,4.0,1.9036560563837224,1.1078100414076872,16,2
209,0.0,0.26398507938486393,2.822147305222532,14,2
210,1.0,1.0044022485647544,0.0,28,4
211,1.6692436255893188,1.468233216275003,0.0,15,2
212,1.6688073758435138,2.704253230411714,1.2544641758178368,19,2
213,1.0,0.15728022391196195,2.536196140006097,17,2
214,0.0,2.5564111934635885,4.499547047539426,38,6
215,2.0,1.9711948303804494,2.325080114343533,21,2
216,1.0,1.5502457426244831,3.364592942634259,40,6
217,1.0,1.2055911069007088,0.321271588771318,11,2
218,1.0,1.5107388027872206,1.3404134003330854,11,2
219,0.0,2.5030389228106937,2.7658350507832195,39,6
220,1.0,2.727336001742483,0.6330229220840912,26,4
221,0.015852923447860157,1.1133498511952435,0.4152271089407973,22,4
222,0.088140134435025,3.390758060800602,0.0,28,4
223,1.0,0.0,0.2807961096861627,39,6
224,0.0,2.5081010814612212,2.8507298912153107,27,4
225,2.0,4.659171338777179,1.1346002539996265,32,6
226,1.0,2.473694490877966,3.0401010147520737,26,4
227,0.0,2.42653554941446,0.0,32,6
228,0.8695869218492236,2.404536176456899,0.0,30,4
229,1.0,1.0,0.1710861408470661,26,4
230,1.0,1.3467474735674205,0.3864503726294182,16,2
231,1.0,0.9322957335836781,1.1734055057577875,28,4
232,0.0,2.0,1.2127202322948394,38,6
233,0.0,2.961262805500872,0.0,26,4
234,0.0,1.0,0.45794644227312764,24,4
235,0.0,1.3045376652229583,0.07726751497739863,25,4
236,1.0,0.0,0.8548923645522395,19,2
237,1.0,1.6469405584319876,0.1299288557641511,29,4
238,0.8481591322429125,2.000428835515473,1.3427812045570662,17,2
239,2.0,3.87681018686013,1.912102309263786,30,4
240,0.6750917711106954,3.6460038079589943,3.3637446396633495,18,2
241,2.0,5.0,1.5924145807702825,50,6
242,1.0,2.1090585390596877,0.8552410006598359,34,6
243,0.6342318822114441,1.0,0.04457073189762095,43,6
244,1.0,2.159169014471227,1.3324489226292628,28,4
245,1.0,2.285513583300265,0.0,33,6
246,1.0192307692307692,1.0,0.6107404697832036,38,6
247,0.0,2.232747889159315,2.0826006784739226,16,2
248,0.0,0.31308672308292707,0.21200765418889844,43,6
249,0.0,1.2627668387092719,5.0,17,2
250,1.0,2.9877485488127427,5.0,32,4
251,1.0,2.942304055112186,3.7846910608392452,26,4
252,1.8865769940423789,1.4622956576994488,0.25569812920311386,35,6
253,0.0,0.0,0.0,42,6
254,1.0,2.001122962958057,1.111532260570037,24,4
255,0.0,1.4049179305703965,0.056832647352700286,14,2
256,1.2060021927600104,2.900969525472897,0.46841908337914206,32,6
257,0.0,2.0,0.0,42,6
258,0.0,4.1456001792780715,0.9698993115033188,23,4
259,1.0,5.0,0.8695582421800963,14,2
260,1.0,4.940583587692901,0.10563945628800953,38,6
261,0.0,2.0,5.0,26,4
262,0.0,2.2696690605477015,0.5214909123150936,13,2
263,1.0,1.1154838115262482,0.5416079641068686,38,6
264,1.0,2.2468840020304857,3.9397117753124125,30,4
265,2.0,5.0,1.5393448235741152,15,2
266,1.0,2.9416440243356208,1.5801634789699763,23,4
267,0.16666666666666696,0.1511481212223469,2.1112860736548846,45,6
268,0.0,5.0,1.5847714710001166,15,2
269,0.0,1.0337992042477566,0.29150435174806777,24,4
270,0.0,5.0,1.5152903872388588,22,4
271,3.0,1.6714498106786646,0.0,41,6
272,2.0,1.0,2.128308061454203,17,2
273,1.0,3.6844533091034233,5.0,36,6
274,0.3162393806012953,1.6203776672287242,1.469620884538791,14,2
275,2.0,4.270022891711745,4.373295493958598,14,2
276,0.0,1.0,1.5302984058169904,11,2
277,0.0,2.1696956342892975,2.0684621296305234,12,2
278,0.0,2.9873737689754236,0.0,14,2
279,0.23627294376397678,0.3954222550414457,1.795405243443008,16,2
280,0.5578457193448059,2.5246379646419506,0.05909624715579567,27,4
281,0.0,1.1690065584624794,0.07480911988537178,34,6
282,1.9716922781572697,2.3810933712041944,2.6851514938236654,44,6
283,0.0,0.0,2.541666103038682,42,6
284,2.0,1.6509337693190407,0.0,14,2
285,1.0,2.7447927035813517,2.2834259785183666,25,4
286,0.0,1.5420524889394025,4.302797717321977,24,4
287,1.8496454901834776,1.0,0.0,26,4
288,1.1902335974885947,2.4138363360424613,0.4942886510651562,39,6
289,1.470655591791413,0.0,1.6142035283673075,29,4
290,2.0,2.617526740467061,1.019552899933804,43,6
291,1.0,1.8222309614918988,0.0,14,2
292,2.0,2.0969809245274833,3.9251529329404447,24,4
293,0.0,1.24131739612658,4.875386008049767,20,2
294,0.0,0.7992041626762543,1.1270992958025334,15,2
295,1.0,1.7899374875362746,0.3548399529815738,37,6
296,1.0,0.0,3.2025382713285593,48,6
297,2.0,5.0,0.0,18,2
298,0.02235252958961631,2.0,0.0,30,4
299,3.0,3.2036726146158934,1.1543747019582273,29,4
300,2.0,2.0,0.43325999125018944,13,2
301,2.0,3.9984845147069477,0.609788104798614,32,4
302,1.8641522860370467,2.2248363845145285,0.0,40,6
303,1.2603017376600762,3.549027139438346,2.35183368269985,34,4
304,3.0,3.559365249233446,0.0,14,2
305,1.0,2.83697958352556,1.5658530352648778,23,4
306,0.07270894362695834,0.8919118155986578,2.8834738250997383,15,2
307,1.0,1.7729622659771396,0.31726853239730407,46,6
308,0.0,0.0,2.632970624297473,24,4
309,0.0,2.101110152590147,0.144134399946406,24,4
310,1.0,4.013345656546493,0.41045507713898244,17,2
311,1.0,2.3736859535240438,1.182584725327988,28,4
312,1.2967261195927433,0.0,3.440745556338821,21,2
313,2.0,0.7934102705761785,0.0,35,6
314,0.0,0.36266850123871297,5.0,26,4
315,0.0,1.276385995747165,0.0,27,4
316,2.2054070907411845,1.1817350431482598,0.0,21,2
317,2.0,2.467098286318217,4.74474908237155,41,6
318,0.0,0.37669569322678154,0.0,28,4
319,1.0,3.464118554472318,1.6387670464304018,25,4
320,1.0,5.0,0.15470137009093987,35,6
321,0.10605141814722074,2.7319264782462493,0.0,33,6
322,2.0,1.6369456245840652,1.6124533641745493,33,6
323,0.0,2.0,1.9211639291978715,26,4
324,1.0,4.393064132528936,1.5925412117108668,32,6
325,0.0,2.4920818256159745,3.2082696320541797,15,2
326,2.0,2.95529354405787,0.0,34,4
327,0.0,2.9445804001631295,0.7065794908687125,19,2
328,2.0,2.824720036398327,4.560375217872445,30,6
329,1.0,1.6790991733774874,4.773165146198693,40,6
330,0.0,2.0,0.0,12,2
331,0.0,4.002392190525381,0.0,37,6
332,1.0,1.2897280751926412,1.3329928987678301,37,6
333,1.0,2.3378323990654994,1.200177873699412,33,4
334,0.0,3.832256194949907,2.105782612953841,23,4
335,0.4285282120563938,2.3311822076992765,1.184242634355672,16,2
336,2.0,2.316322192559383,2.0057016505222602,36,6
337,0.2562713045728202,2.8763949375670608,1.0685839658040046,14,2
338,0.0,2.49232406689815,1.7005694116586638,22,2
339,1.0,3.6039428449614173,2.3444047368163865,20,2
340,1.523618809733041,0.4603313981306645,1.9506193222637627,12,2
341,1.0,2.064009763888982,2.6835549275896473,28,4
342,1.0,4.39060354098104,3.07910466287721,15,2
343,1.0,2.8608421351002438,0.0,32,6
344,1.932549409608825,3.981832155168215,3.143125493703581,41,6
345,2.128467431960313,1.5526333409387334,4.186886759273939,28,4
346,1.0,2.0,2.3944340920815383,15,2
347,0.0,0.0,0.4798490343753108,36,6
348,1.0,0.8254859804349355,1.9875127435579982,23,4
349,2.0,2.0,0.13841952944026867,28,4
350,1.310642080183844,1.0,0.1357126362400517,15,2
351,1.0,1.1932837503922595,0.0,14,2
352,0.0,0.7204611523876565,0.0,28,4
353,3.3011436165707666,5.0,0.9814734777844432,37,6
354,2.978694200685813,2.0,0.0,32,6
355,1.0,2.909650733533284,2.268278378655834,23,4
356,1.0,1.8081340053306132,5.0,44,6
357,2.613688957893694,0.0,0.7910015079846149,26,4
358,0.0,2.670928931362485,1.4639801741689913,39,6
359,0.0,1.0,5.0,21,4
360,0.4822547115433271,1.0240489401726132,3.3894721839567694,26,4
361,1.918679695813804,1.8944863111467987,0.0,28,4
362,0.0,0.0,0.0,20,2
363,1.0,4.302889835597529,1.4927143809935923,14,2
364,0.2487705802492055,0.0,0.7180858459023443,36,6
365,5.190369912132804,5.0,1.049028921703032,30,4
366,1.0,2.854790415313948,3.083678087616184,39,6
367,0.0,4.99132670930528,0.7679807550593586,27,4
368,0.0,2.7068570032588575,0.3360294011002375,39,6
369,4.0,0.0,3.0643048603705343,32,4
370,1.0,1.6304882224357948,1.0106809628468603,16,2
371,1.3103438498620834,2.994926929971892,2.1948621989232104,35,6
372,1.0,1.0,1.4019650540333064,9,2
373,1.3594982295394527,2.661179163574456,3.4651367204661994,15,2
374,0.0,2.9140092366171535,0.5676991354802696,27,4
375,1.5250000000000004,2.618240737566681,0.7353792185649192,25,4
376,3.1108421230302783,1.8433943802207082,1.4943281618606703,26,4
377,0.0,2.3951545261786906,0.4501088014832089,14,2
378,0.0,2.487436701355718,0.0,43,6
379,0.0,0.530750014293405,0.5161671070524494,14,2
380,1.0,1.056283934152484,1.2451069367414285,32,6
381,2.0,1.5067387583335523,0.0,29,4
382,1.0,0.6158657501612623,0.9342624750407742,38,6
383,3.0,1.4149929328107227,0.0,37,6
384,0.0,0.5538667897566993,2.259457664925379,27,4
385,1.0,4.760902382189667,0.4232755792897497,26,4
386,0.0,2.3265888175143976,3.1427860191677435,22,2
387,6.465681810956441,2.005838999127791,1.5845669379392535,13,2
388,0.0,3.1806512371077735,1.7268030054858423,12,2
389,1.797594481497923,1.0133774253202024,0.6838324595030595,40,6
390,1.0,1.0,1.9005736635662236,30,4
391,1.0,1.0960743010409661,0.0,27,4
392,0.0,0.47392841515228845,0.7173259087017612,21,2
393,0.0,1.0,3.975312511332947,15,2
394,0.03046347589337728,1.3026795053744529,2.5853228812080116,25,4
395,0.6244533795541081,0.23908899593542898,0.0,26,4
396,1.8838878132105483,3.2783200463085853,0.5925331899555819,22,2
397,0.0,2.5827683119643057,0.0,24,4
398,0.0,5.0,1.3405894649823322,15,2
399,0.0,2.2516628981717624,1.0511749248897326,20,2
400,2.485996592307261,5.0,0.0,28,4
401,0.0,1.0,2.4984091695128616,37,6
402,1.724367638225166,5.0,4.587566759419499,38,6
403,1.0,1.0,4.752955051758257,13,2
404,2.135531097747722,2.593560485313146,0.0,27,4
405,2.6050942291100743,2.5726967942390515,2.925274848879395,12,2
406,2.3007801807811985,1.8531791597370066,0.24989980844352924,20,2
407,1.0,1.293940241921966,4.975717151714918,12,2
408,2.8074810515837596,3.701435618666327,1.2152111528929803,27,4
409,1.0,1.1986305271230258,0.5556032630866488,23,4
410,1.0,0.4538096871666353,0.43616669620492066,14,2
411,3.0,0.46607630649165266,2.750590149611594,46,6
412,0.0,0.0,2.3536772720439814,30,6
413,0.0,0.3571056603580587,2.06114050802419,13,2
414,0.0,2.084607694832009,1.7536618277960745,37,6
415,1.5389496316184559,0.5995112465007661,0.07427405881171245,25,4
416,0.0,1.9050475210653364,0.3504718651693088,10,2
417,2.0,2.9711688324029346,1.408499425452769,16,2
418,2.959078373761126,1.0734983960479179,0.9756702507400261,36,6
419,2.0,0.7279315983625239,0.9944591403013257,17,2
420,1.0,2.5159474526457073,4.33645742965527,29,4
421,2.2717295965679196,2.605549318471997,2.5981276283210035,34,4
422,0.0,1.0,2.0375631819375895,44,6
423,2.0,2.7295198513167547,0.34478999564233953,14,2
424,1.1086854195462346,1.8732909805057067,2.3717164755314752,19,2
425,0.0,2.4227480077708314,0.9079925541187492,38,6
426,0.0,3.6815208608795205,1.4096407303077605,16,2
427,1.0,2.2980427629378974,0.0,17,2
428,1.0,2.8282879162911225,2.5939105828566804,24,4
429,1.0,2.420344816666521,1.6900437249740274,12,2
430,2.0,5.0,1.708771904477628,19,2
431,0.0,2.860584500973536,0.0,32,4
432,0.0,5.0,0.0,36,6
433,0.0,2.3440639661980054,0.0,14,2
434,1.0,2.558646910462139,0.16969430101500776,40,6
435,1.0,0.04922675812980515,0.0,36,6
436,2.0,2.832127656690866,3.9981458561324628,15,2
437,4.0,0.0,2.57326172010233,39,6
438,1.0,3.0360637186399204,0.9567494346109806,34,6
439,2.0,3.5229948116088092,3.268325241072979,41,6
440,0.0,2.0118547807344367,3.081444930180959,29,4
441,1.0,2.0,0.05049970329980624,33,6
442,1.0,1.0730523755130168,2.736341583987161,30,4
443,0.0,1.421706475227687,0.5283863176759125,38,6
444,0.641553969726206,0.8099234741561556,0.9978715046757529,17,2
445,1.3894800915444603,2.0,4.352465857271222,30,4
446,2.0,1.2243253969167802,0.30089361813243976,15,2
447,0.3061352168332885,5.0,0.8928403162449643,34,6
448,1.0,2.353061392362882,4.508143675224671,12,2
449,1.7843004024435718,1.4050075493879037,0.3642555183654547,25,4
450,0.0,2.895518138989937,3.2454442829907326,34,6
451,1.9892349640991966,1.0951210742347826,0.0,22,4
452,6.807053226826902,4.765893792564024,2.0730817329210094,32,4
453,1.0,1.3686459335080023,3.9303317944887084,31,4
454,0.0,2.9149313026334323,0.3564608366618143,17,2
455,0.18037957473574995,3.1477032903650306,0.11252666847820836,37,6
456,0.319763261980639,2.997611534559164,0.0,34,6
457,1.0,3.824495230099904,2.2854663306305034,26,4
458,0.0,1.0642084814708745,3.270441535429069,28,4
459,1.0,0.0,1.4452586555610276,12,2
460,0.0,1.0,0.23597048596616255,31,4
461,3.0,1.1203147989025766,1.6870521812981731,30,6
462,1.0,2.358347531958456,0.2839410983961889,12,2
463,1.0,5.0,0.0,39,6
464,1.0,2.6142129321640986,1.2012663716018541,26,4
465,1.0,4.26580119504447,3.2682542558086842,21,2
466,1.0,2.569074730371839,0.10323025255187529,40,6
467,0.0,4.465960468561694,0.17551918222648855,24,4
468,2.091199818627998,3.120434024208672,3.3488296378719995,27,4
469,1.0,1.8445735825563778,2.9510987615211626,14,2
470,0.0,1.0016722392380792,4.10284543703097,27,4
471,0.0,0.0,0.956692267398898,35,4
472,0.0,3.1355649880977907,0.0,25,4
473,0.0,0.22545452337399752,0.5023877266838482,29,4
474,0.0,4.643553958027278,0.6910767217780215,23,4
475,0.0,2.217646244870908,0.0,25,4
476,1.334430799633072,1.3381573631396364,0.0,18,2
477,0.0,2.766913094179006,1.3274641133966782,18,2
478,1.0,2.0,4.665041077765914,39,6
479,1.0,1.8071456684815972,0.7043219258822252,27,4
480,1.0,2.5011982964018946,2.256068552337771,12,2
481,1.9756750351983772,1.168235452434879,0.9639292223692955,31,4
482,0.0,2.0,0.8194782520823215,40,6
483,1.8974380516791425,1.1185971645075998,0.0,24,4
484,1.0,0.868511968851319,0.624254880847686,24,4
485,1.1735894177062218,1.2623052108229018,2.5138351524604228,41,6
486,0.0,0.0,1.6127925282383262,35,6
487,2.5045117528286482,0.12689559194433464,0.0,40,6
488,1.0,1.0212066740938246,1.0459823744994328,26,4
489,3.5945171493014625,0.0,1.9832488385632683,36,6
490,0.0,4.275789336797601,1.2161048988893532,17,2
491,2.7287094345915133,3.7713509961343448,1.37136783848632,38,6
492,1.0,2.760756618413719,0.0,18,2
493,2.933086194283928,2.7456807010240327,1.0044731130458213,37,6
494,1.0,0.7166401293334719,4.380108676942259,26,4
495,2.0,1.0,1.1977573204776724,48,6
496,1.0,1.165110219980308,0.8410370248347809,14,2
497,0.0,0.0,0.07241046832806047,15,2
498,0.299414712524289,1.7072918601930436,1.3760227774004712,20,2
499,0.0,5.0,0.0,21,4
500,6.120704058351791,1.0123129271973526,2.9596255634145185,45,6
501,0.0,0.0,3.379033126133928,33,6
502,0.0,3.7675116109591293,5.0,19,2
503,0.0,2.7274130939720767,0.16576248854917427,15,2
504,2.306337582508135,3.0897783595999257,1.293269442005221,17,2
505,5.0,1.7945010559906693,0.0,12,2
506,1.0,1.0952112815789965,0.47210414432262576,31,6
507,0.0,1.4868035781804672,0.6043155512769397,34,6
508,3.37102300868926,2.1003563425417067,0.6346723945812046,17,2
509,3.0,2.8084445008640806,0.3496559749339688,40,6
510,0.0,3.8291381724251394,4.025382436603901,15,2
511,0.0,2.800391655887064,1.8870917971003327,20,2
512,0.0,0.0,0.7276217743431652,39,6
513,1.0,2.4086512246697227,0.5446974172301887,37,6
514,0.0,1.3899773838698373,5.0,16,2
515,1.4112057915349117,0.2885842017797664,1.3208917131411855,22,4
516,1.0,1.8944942436886043,0.886063969573545,14,2
517,0.0,2.0,0.0,37,6
518,0.0,1.357584389447993,0.839633446145769,36,6
519,1.5550420951772903,2.266233818559698,2.689837275701896,13,2
520,0.5984415135156249,1.88782590830164,0.9859696634946551,19,2
521,2.0,1.0,2.3023447570527282,16,2
522,1.0,0.4387405032462013,0.4618672561533352,30,4
523,0.0,5.0,0.0,12,2
524,0.2879680735531096,2.034428901520908,0.06565236326879155,44,6
525,1.0,1.367505270390586,0.922522832178304,34,6
526,0.0,2.787297616232176,0.256590282802036,41,6
527,0.0,1.1569631668871496,0.0,35,6
528,3.0,1.0,0.6729208052089931,28,4
529,3.0,2.3540350252237214,3.1463577418546267,34,6
530,3.0,5.0,0.0,29,4
531,0.29650996841960975,3.335182726646167,0.0,31,4
532,1.388735388677369,2.574758247655768,0.0,15,2
533,1.0,1.2318277138152478,1.0308191780872615,33,6
534,2.607418027605532,3.3724105958669703,0.0,32,6
535,2.6944340674613834,3.634534062590184,2.060417295599148,21,4
536,0.9421983002855292,2.447724828584316,0.0,14,2
537,0.7869814538742945,2.916288005504761,0.0,10,2
538,1.0,2.0,2.3688093362656475,44,6
539,0.0,5.0,2.0543492151354585,16,2
540,0.0,0.28811221565446665,0.8157177165579653,46,6
541,0.0,2.579834068008272,0.31163156185509777,37,6
542,1.0,4.157517740350727,1.6172859670471056,32,6
543,2.925476779335396,3.406156708457166,5.0,27,4
544,0.0,2.803559476846643,4.700767435231163,27,4
545,0.0,2.67926237425229,0.0,29,4
546,1.0,4.0,0.0,28,4
547,1.8232408593365426,1.3929112215379922,1.8690156089129821,37,6
548,1.0,0.0,0.0,18,2
549,0.9646377587101229,1.8961886112560222,0.0,42,6
550,1.0880446989354313,5.0,1.6075358445152275,32,6
551,2.338243811592334,5.0,3.3329419738376322,10,2
552,1.0682111759942066,1.1905575751222974,0.4575212448812962,39,6
553,0.0,1.6520031109119455,0.0,36,6
554,2.0,2.3814422527812047,0.0,15,2
555,0.0,3.2331983385741117,3.9281437065913223,26,4
556,0.0,5.0,0.5658661743608102,36,6
557,1.9707957957332503,1.1055531234970513,3.7099432842058464,36,4
558,0.0,0.27737413980059067,2.4776552380784844,17,2
559,1.0,1.0,3.7505559363676193,15,2
560,1.0,2.731168060213312,0.12645132640485435,38,6
561,0.0,1.0,1.867364377616743,25,4
562,1.0,1.0085465148742472,0.8960173037074676,16,2
563,0.0,3.1641224750382975,0.0,37,6
564,2.3714547945558184,2.8408453663853743,0.025137179050169656,39,6
565,0.0,1.3996376953107355,2.123111053534408,24,4
566,2.0,0.7039008187172735,1.4752800209888386,29,4
567,1.614175133043059,4.594956018767842,0.6262454760538891,26,4
568,1.0,2.0936325852503552,0.03907423551395619,28,4
569,1.1021137484394536,2.7994407980203464,1.3045114422501174,35,6
570,1.0,1.0360264139963768,5.0,25,4
571,1.0,1.0,0.19874956423964443,12,2
572,0.4145875414778022,4.8457685281454275,1.9929780922670555,32,4
573,1.489984920835492,1.4997505691536128,2.8754375561745693,18,2
574,0.0,2.122517465113681,0.4603818845063649,34,4
575,0.0,3.7150726134686067,4.856819145808651,16,2
576,1.0,1.1152193750644814,0.7876454139869971,34,6
577,3.0,3.7589053378478905,5.0,22,4
578,1.0,2.290935687945515,1.298179019320183,17,2
579,0.0,2.37762534277549,1.1186476770244154,29,4
580,1.0,3.62118341033427,2.257446557706433,16,2
581,2.0,2.0311039853798842,1.2888166172912414,24,4
582,0.5597742171992746,3.9105996873210263,2.507333644501599,13,2
583,1.1228447764582512,5.0,5.0,38,6
584,0.0,2.433891002592815,2.3986856804661496,28,4
585,0.20700143966129314,0.21661632133675912,0.0,32,6
586,0.0,2.19560039130452,0.6736080690539858,40,6
587,2.0,2.03162840661952,0.0,26,4
588,1.0,2.876025401606725,3.7724875556881265,16,2
589,0.0,4.221419068893633,1.9773280511950042,31,4
590,2.0,0.9489816803478694,0.0,19,2
591,0.40093677686984464,1.6138472813557767,1.7827803861732263,31,6
592,0.0,3.9883601703020126,0.049754160861880545,10,2
593,1.0,3.6678041829032733,3.4598462227357167,38,6
594,1.0,5.0,2.1209449878998865,15,2
595,3.5435868484728275,3.273752867384771,0.0,19,2
596,1.4407299742413961,5.0,3.218638538159632,36,6
597,0.0,1.6370729898764065,1.2093584625267415,37,6
598,0.0,2.0,0.0,30,6
599,0.3433024758453911,2.7260288273544893,2.8530991992906127,22,2
600,0.0,2.765871385446408,0.0,36,6
601,0.912639872530078,1.4246641926086925,0.0,21,2
602,0.0,3.82020508815131,0.0,17,2
603,1.9588828805108758,3.428095979573392,1.5433282190869857,41,6
604,0.0,2.626107497006169,2.433046042444075,18,2
605,1.0,1.2889889191217518,3.2346308024407042,31,4
606,0.0,0.0013431780872679155,0.2648651049269979,28,4
607,0.0,2.614896803159712,0.6640793079341509,31,4
608,2.0,0.8407804608362781,0.77967625977715,29,4
609,2.0,1.1647130728825204,0.23819470613477609,20,4
610,1.0,1.0,3.629232237344043,15,2
611,0.0,4.688996472696926,2.3864724183885153,23,4
612,0.0,0.0,1.7570645522666843,21,2
613,1.0,1.0511183667945314,0.0,17,2
614,0.0,0.0,3.0,23,4
615,0.0,0.9836891631056597,0.9561040096053905,30,4
616,1.7679213094873765,1.9333223676581066,0.6202757303141377,25,4
617,0.0,2.6709238806113413,0.9746412415933386,36,6
618,0.0,2.538831082616587,2.5431058128963673,30,6
619,1.0,1.0254535930643138,0.20514266033374973,41,6
620,1.0,1.4502365142054021,1.8612241204572213,22,2
621,0.4235988904016894,3.3597750113392033,0.8698515436811067,12,2
622,1.0,2.5416787471662063,0.8029616611066791,35,6
623,1.0,1.7291183690766214,3.1637386396857896,15,2
624,0.0,5.0,5.0,12,2
625,0.0,0.6959523470989506,2.6874084372589904,40,6
626,2.0,3.744532939110182,0.1878538961903364,34,6
627,0.0,3.170690697547375,1.6293024485007441,37,6
628,2.0,1.2471286776226966,3.2214079274857013,15,2
629,1.0,2.5894426348244037,0.9453362989292797,14,2
630,0.0,1.2429450409449174,1.430436388113387,29,4
631,1.0,2.769238206996178,3.3498392613333694,30,4
632,1.0,0.0,0.0,39,6
633,1.0,4.169707985053263,1.8740233502532464,18,2
634,0.0,1.8409496142680029,0.013999726327497242,27,4
635,0.0,0.3789885518051943,2.8327628465829497,17,2
636,1.0,3.4918722538249973,1.8291192672069747,36,6
637,2.0,1.8888862413876293,1.659274297649909,20,2
638,0.0,1.7103663063011045,0.4116127388510251,38,6
639,0.0,3.7284165304301125,0.0,13,2
640,0.025267277231634022,2.9932247539063663,1.2085349872876257,35,6
641,2.0,3.6110159530927106,0.9255954512625115,36,6
642,0.0,3.0,2.1636495772115403,36,6
643,0.0,5.0,0.7013494833088066,33,6
644,1.0,3.426047040837471,1.3534790722804613,19,4
645,1.8904279479439747,0.0,0.6170340129789557,33,6
646,0.0,2.8348820609776357,0.18786090040965464,16,2
647,0.7836963569461153,5.0,1.8197463533753102,40,6
648,3.8641251907941827,2.0,0.741655459193684,31,4
649,0.0,2.7736714766793726,0.0,40,6
650,4.0,2.0,1.000288190829284,38,6
651,1.4091608164648264,2.550528290091677,1.8318425734384767,26,4
652,2.3022567539528946,3.9000808427080376,3.1703554763955557,27,4
653,0.0,1.0,0.8538074961474168,19,2
654,2.012658559118578,5.0,0.0,32,4
655,2.0,4.0587212388923675,3.097783091564766,28,4
656,1.0,1.6125842589626327,0.0,25,4
657,1.0,2.2167236323721404,0.0,36,6
658,0.0,1.3720232346694656,4.19861761967925,29,4
659,0.03028831544440891,1.0,1.5866530875647147,21,2
660,0.0,1.0,2.733841242634433,17,2
661,0.0,2.3093968117655646,0.0,38,6
662,0.0,1.3621274140344353,1.5685596496884502,14,2
663,0.5935603935260341,1.7633376426265617,0.0,25,4
664,2.0,2.0707532465914635,1.6168755880877177,33,6
665,0.0,2.0,3.2266580965752807,43,6
666,1.0,0.0,3.430421423327792,35,6
667,1.0,1.8219083603214585,0.5092770321293759,33,4
668,0.0,1.178060878344764,0.49509922070900125,20,2
669,1.2894263478231625,2.8595547676470465,3.002153650117477,34,6
670,0.0,3.9185895473157704,1.1622261749109517,39,6
671,0.0,2.2304434010333694,1.5577687559092885,33,4
672,2.717457237541666,3.2323779389541336,0.9256944439447038,39,6
673,2.259677807442503,4.890889817932694,1.904627599905944,38,6
674,0.0,1.5221860246971364,0.0,25,4
675,3.0,2.4894553122393077,2.5918799315242405,43,6
676,0.0,3.2309431249053446,1.062461176981158,16,2
677,1.0,1.0,0.6205480951612194,35,6
678,1.0,4.02036614179954,1.0038255913759209,17,2
679,2.0,2.6688913575281834,0.40796757632648806,43,6
680,0.0,5.0,2.66840150492269,20,4
681,1.0,1.0,2.520451391682145,41,6
682,0.0,4.381169453764346,0.0,20,2
683,2.481990702687758,2.1867402733252845,0.0,11,2
684,1.0,1.8539961247511147,0.80212765401167,39,6
685,1.0,1.3208428066958602,0.8371226790237465,20,2
686,0.0,2.6245755737858363,0.8217831435819902,39,4
687,1.0,2.5717684569734676,2.193440477418638,34,6
688,1.8046117332714657,3.2845774671674564,0.0,23,4
689,0.0,1.0,0.3982446077686865,33,6
690,0.4202791751946835,0.0,3.605475454081366,26,4
691,3.0,1.5097078990789647,0.9182365943299429,27,4
692,4.538688666733646,1.1934151250330691,0.0,12,2
693,0.0,2.6900537450205086,0.919915999188306,23,4
694,0.0,3.7681713399590384,1.6684405627460523,28,4
695,1.0,1.0,2.2495877398186224,36,6
696,2.0,4.314439470661819,3.572438225314913,19,2
697,0.0,2.0,0.4904177554902634,54,6
698,1.0,3.1004554914486366,2.570605793189039,41,6
699,1.338296554539161,0.9749068295692478,3.694127649709403,36,6
700,1.0,0.8351768446119525,0.5668614152957514,36,6
701,1.0,0.11850206640618666,0.73445402175636,34,6
702,2.0,5.0,1.5177123000255976,38,6
703,0.0,1.644493074912531,0.0,31,4
704,1.0,2.3915483549797303,2.463271286904728,42,6
705,0.0,0.0,1.6683457170679525,38,6
706,0.26854384546758236,1.0529440634235296,3.0656192412022594,35,4
707,0.0,1.2579341551757226,1.6193691737307296,18,2
708,0.0,2.9696035457828085,2.464348956813386,17,2
709,0.0,5.0,3.652435591756176,16,2
710,1.7122512188795271,1.5184495459915883,0.0,36,6
711,0.0,1.5184627051062316,0.15462469183172226,44,6
712,1.0,3.5503680650220883,1.46190426027716,16,2
713,1.0,2.8162237010777273,0.0,29,6
714,2.0,1.2782898785009467,1.0064335874188832,24,4
715,2.0,0.5956989475384589,0.6501539680637002,40,6
716,0.0,0.42560214306145383,3.555589980344053,37,6
717,0.6515234234687934,2.3586622664729147,0.4355534875296347,14,2
718,1.543913083862658,4.9504824016660764,0.2798841088702527,15,2
719,3.740979592177027,4.286339058133967,0.0,12,2
720,1.0,1.4962408451573914,2.7749682403732474,27,4
721,0.0,3.0,1.6319791070166902,41,6
722,2.0,1.7889529153841366,0.1711086621677989,13,2
723,1.0,0.0,0.43119639730813053,29,4
724,1.0,2.8424539450118202,2.5559622721194053,25,4
725,1.5308434623028377,4.89208262622472,0.4730251648689747,17,2
726,1.0,2.4367067260388406,0.6077571041875216,35,4
727,0.0,1.0,1.1458676282530444,41,6
728,0.9526329734181118,1.7618751372318169,0.31690770947686425,16,2
729,5.421876463849778,2.8166615862144093,1.8102738301881114,17,2
730,0.7873249743376309,2.245773444125919,2.5317019349035013,40,6
731,0.5527366164355367,0.8257673562935661,0.49687961621486365,13,2
732,1.0,1.6221116774720254,2.929087585320616,11,2
733,0.0,3.5556896736875863,1.1575284312154528,18,2
734,0.0,1.8774320375053648,0.0,24,4
735,0.23783834857027975,2.1919322418532703,2.94388933159705,34,4
736,1.0,1.689986815611948,1.6289272735941185,39,6
737,0.0,2.395986186478741,0.1664485085298349,30,4
738,1.0,1.0,0.3751177864410835,32,6
739,0.0,0.0,0.0,26,4
740,0.0,5.0,3.3624518788196696,29,4
741,1.0,5.0,0.45376575196831836,36,6
742,2.3801781963713617,1.7531067576241117,1.2666697306453893,28,4
743,1.0,4.065183116061372,2.242055633485343,41,6
744,1.0,0.0,0.3561428436769133,18,2
745,0.0,0.0,5.0,17,2
746,0.0,1.0400614127993295,0.0,30,4
747,0.0,2.4162806550687534,3.7572697114113933,40,6
748,1.0,2.670921015669255,0.2453095283480405,20,2
749,1.0852493543222854,2.5626465897481063,3.1091262183323405,37,6
750,2.0,2.694820147537979,0.7228465670908563,27,4
751,0.0,1.9966929799146111,0.0,33,4
752,0.0,0.0,1.983460362370214,21,4
753,0.0,3.5300962268191647,3.570098504237647,17,2
754,1.0,1.7206144195361839,0.7787851165684574,22,4
755,1.0,3.0,0.6350939873704733,39,6
756,2.0,1.8493619028889938,2.5851235307904568,11,2
757,1.7717645949574896,3.317775874590528,0.0,47,6
758,1.0,2.8164579556729183,1.5371650100744376,44,6
759,0.0,1.0,2.54072267970245,28,4
760,0.0,1.4646226082942508,4.3679029885124185,36,6
761,0.0,1.1204479352269523,0.7994475788687003,14,2
762,0.9659725551178151,1.0,1.3247480730774122,37,6
763,0.0,2.2245373371466384,2.4034668914867434,26,4
764,1.6054690789157657,1.5730308859348927,1.0503487993449037,18,4
765,0.0,2.0113761083881556,1.4687361333374105,28,4
766,2.0,0.6188327719737581,0.3042694634301446,15,2
767,1.0,2.1700705915088614,2.7244667167045638,26,4
768,1.0,1.704022608747933,0.09162693581420034,13,2
769,1.875662421982872,4.875389058797587,0.0,11,2
770,0.0,4.927985599397796,0.29627546780868697,29,6
771,0.0,3.3097544652786164,1.0,33,6
772,1.0,0.2549825246240589,0.0,27,4
773,0.18584381132848282,0.2810596720598024,1.67311046770415,28,4
774,0.0,1.4009461733748045,4.837839910867642,19,2
775,1.0,3.6160358434184765,1.880883576933845,13,2
776,0.0,5.0,2.3047471324195232,20,2
777,0.0,1.0,0.0,39,6
778,1.0,3.0,3.0039889093614067,8,2
779,0.15576422885118957,2.586994808725308,1.6628268350132707,26,4
780,1.0,1.6709643201863624,1.4483006694767513,31,4
781,2.313292275292058,2.590116693491977,0.5344074776815589,17,2
782,0.6902596592040693,1.681968825959057,1.6364434956943334,16,2
783,2.548936050568371,2.4319489252846314,2.7890402930672655,27,4
784,2.0,0.0,1.5272508793722837,15,2
785,2.0,2.147703019485011,0.318011106084915,26,4
786,0.0,1.0,0.0,17,2
787,1.2247577319819802,1.6426178440340857,2.040790549823854,25,4
788,0.0,4.284575139059246,0.0,22,4
789,0.8047970581474715,1.0,3.3730077462610506,44,6
790,1.0,1.192603817887897,0.0,31,4
791,0.32402878333046115,2.1414693576978756,1.5276619171723826,19,2
792,0.0,3.0,1.828321732196383,19,2
793,1.4610204996839316,2.0,1.8917227144778705,26,4
794,1.0,5.0,0.7846811963149679,25,4
795,0.0,0.2916414874051565,1.726177586307644,29,4
796,1.0,2.1372286459586247,1.08202736157371,9,2
797,0.0,3.6589487528793896,2.370898957550023,18,2
798,1.0,1.4550801836337648,0.0,14,2
799,3.0,2.5997786124361673,0.0,31,4
800,1.0,0.0,2.6727977840347017,27,4
801,0.16926361879539353,2.0,3.353390642220515,36,6
802,2.854294308017261,1.3931372488112612,0.0,26,4
803,3.9205230112038203,2.100697276899041,3.7197534174847977,42,6
804,0.0,0.0,0.27691252211006345,14,2
805,0.0,3.3000077049770002,0.0,20,2
806,0.0,1.3002710008916578,4.1771200362564,34,6
807,2.06971672222815,0.23876989955792371,1.4326277906454838,30,4
808,0.3244188843680851,1.9985499649966467,1.5404916639785078,39,6
809,0.018856442128089235,2.8503662342643032,2.2731969003797174,25,4
810,1.0,3.210715561308949,0.611688994803396,39,6
811,1.3362544459364791,2.5575228489248505,0.0,27,4
812,0.0,2.4121713168131844,0.3217860201431416,39,6
813,1.1399603590629095,1.6766984433342005,2.3771576540236596,36,6
814,0.0,0.0,1.668001709023247,18,2
815,1.0,1.066253489682527,2.130871705926938,26,4
816,2.0,2.5462751514398922,0.05708771681657832,41,6
817,2.8651010507502983,2.291633886763933,0.0,19,2
818,1.0,1.6311457215889558,0.7217145311286636,19,2
819,1.0,2.701596947050813,0.0,25,4
820,0.0,1.9286321576510224,1.2731830447363324,25,4
821,4.537760928275901,5.0,0.0,19,2
822,2.0,2.5092039624034763,4.172998308783012,41,6
823,1.4106794597926808,5.0,2.7987496490812185,14,2
824,1.5867600766816499,2.868897486442572,0.6251249572657605,26,4
825,1.0,3.003302510397491,0.05175733151727813,15,2
826,0.0,0.0,0.9492080780036689,13,2
827,1.4389314267964055,2.493846006282379,0.0,26,4
828,2.0,3.676448438995285,1.6503985288239886,31,4
829,0.0,3.539057483528941,2.770376179166302,24,6
830,0.0,1.7452233964246755,0.7108576716054814,20,2
831,0.0,1.0,2.485325602787358,43,6
832,0.0,1.274960918255596,2.762425547013174,18,2
833,1.6914744052553816,3.3527546230789578,0.28949355158666323,23,4
834,2.0,2.0,3.052617164521446,17,2
835,1.0,1.9178006642308834,3.6523379677258903,38,6
836,1.0,2.324926574971001,3.8626762738973284,29,4
837,2.0889409894792816,1.0132756501925146,0.5423973985514501,17,2
838,0.0,5.0,0.0,15,2
839,0.0,0.0,1.0493112050917037,37,6
840,1.0,2.921041348724117,1.3364898796570273,30,4
841,0.0,4.070185533906608,2.5722647606521774,14,2
842,0.0,3.72888902878275,3.317048070673391,38,6
843,1.0,0.3261626096189447,0.15422095978925784,18,2
844,1.9945672198992899,4.44513051284597,1.951411904692281,40,6
845,1.0,1.1132258970682685,0.12593018237635933,42,6
846,3.0,1.0421025049777137,1.094106112609225,30,6
847,2.371681135143228,1.2424571729451497,0.035230533047666386,37,6
848,1.0,2.8587138080688606,0.6864226203421371,36,6
849,0.0,2.722084496912263,2.7668507563216798,16,2
850,0.0,1.6220810836928283,4.316343866957518,33,6
851,0.0,2.376784187584393,2.2002610584006863,26,4
852,2.0,1.0,0.4768035513111767,35,6
853,2.0,2.0,0.0,33,4
854,1.0,2.5688132660309693,3.2729355142607104,43,6
855,1.0,1.0,0.22174119049759644,18,2
856,0.022979766649683597,3.607300999748336,0.0,25,4
857,0.0,1.76446841335363,1.9312831232378427,17,2
858,0.0,1.0,4.721613601865107,36,6
859,1.0,3.0,0.0,42,6
860,1.0,3.326285632041764,1.5499390293243651,39,6
861,1.0,1.097637031558091,0.4783031729884363,36,6
862,2.0,1.0,0.0,12,2
863,2.0,2.3708737060988128,5.0,36,6
864,0.0,2.8001383587203765,0.0,16,2
865,1.0,2.8969145996231633,0.8255506147494143,40,6
866,2.9282178965108363,2.0,0.4524665391476768,31,4
867,0.0,0.9375572157684289,0.0,26,4
868,2.0,1.728867626019146,1.8364391748331577,25,4
869,0.0,1.1504407663254987,1.916531603966569,37,6
870,1.7735765119852118,2.9248960398611166,0.8221724334488417,24,4
871,0.0,0.13791469554466662,1.0811545608727777,44,6
872,2.0,3.149279446539178,1.5056251166052501,13,2
873,1.0,2.737688424351539,0.6562501157435839,17,2
874,0.0,0.0,0.6340190859710318,15,2
875,0.0,2.9127557076212907,0.8826831546521747,25,4
876,1.0,1.6202942326871197,2.5322291647535042,16,2
877,1.0,1.0,0.24313725742366588,21,4
878,1.0,2.890163959921445,1.450699223243387,17,2
879,1.0,2.3338569003218375,2.25866861987605,18,2
880,0.0,5.0,0.07992412427841705,27,4
881,1.552389476972154,1.5438833365023292,0.10232768278052667,13,2
882,1.0,0.0,0.0,21,2
883,2.0,2.374989968370289,4.907454465143508,27,4
884,0.0,2.2901661919531957,2.0901431826198666,33,6
885,0.0,1.9409271311285883,2.27602060046861,21,2
886,0.0,2.3618824108600274,1.5278519600281817,13,2
887,1.0,2.0,1.0413280307814337,33,6
888,0.0,1.9167017271407563,3.004204776624545,21,2
889,1.0,1.0,0.5565970261670588,19,2
890,0.7698347368373617,0.959576396589064,0.0,15,2
891,0.0,5.0,3.907528258978258,38,6
892,2.0,0.6270303956209831,0.10037493435209222,37,6
893,1.0,0.0,0.0,24,4
894,1.0,2.5190764464705344,2.7385571714092953,43,6
895,0.7411458122104135,1.7147832041372784,0.30152145180009443,36,6
896,0.0,2.865687474346614,0.0,15,2
897,0.0,2.872787268321277,0.9882196927614509,12,2
898,2.0,1.0,3.434123998069876,25,4
899,0.0,3.906449421952437,0.0,29,4
900,1.5496308119190387,1.9577632860598868,0.0,36,6
901,5.040295253565657,1.4787082564836953,1.9901577071606864,34,4
902,0.0,0.5574513332314499,2.711081462060519,27,4
903,0.0,1.50768103603483,1.102556247194114,42,6
904,0.0,1.6894971642023453,0.3629015484307674,27,2
905,1.0,0.0743956840289055,0.1598863753895471,14,2
906,0.0,0.14509608799489815,0.5993713145873114,38,6
907,0.0,1.2929384814450167,0.0,35,4
908,0.0,0.8686309682041786,3.5363346800801327,17,2
909,2.0,2.826593518050143,1.5179222079384003,38,6
910,0.0,2.489609576022385,1.3099622572787695,15,2
911,0.0,3.0622892386579075,0.3916463891371429,27,4
912,0.0,4.337791421096982,0.38401254708968147,18,2
913,1.4068899270580681,3.3886292504190454,0.9390542329456713,31,4
914,2.800466807854254,3.230250653007303,0.7122775073952656,27,4
915,1.0,1.1010967005592622,0.25093737213891243,32,6
916,1.0,1.1517321434486014,1.0857919855041933,35,6
917,1.0,2.814200664364776,1.6568691778524567,24,4
918,0.0,2.054644976996582,0.0,36,6
919,6.0,3.43850796870737,0.5471127870979116,32,6
920,1.0,1.7035081647356494,3.1401083947998036,12,2
921,0.0,0.38067303726236146,0.0,29,6
922,0.9298213058677538,5.0,1.200486624280584,17,2
923,3.028236241745981,2.278738291495271,0.6871430027238865,33,6
924,0.17238644272262782,2.8779256938779856,1.9115653101489367,37,6
925,1.0,1.0,1.028931118355897,25,4
926,0.7324086024069603,2.081136307585629,1.0365054245393333,18,2
927,1.374594811583095,1.0,5.0,13,2
928,0.0,2.1235316707362006,0.0,7,2
929,0.0,1.2504289003236693,2.4566979050883435,18,2
930,0.0,1.0,1.7413097661179484,17,2
931,3.7057841710783492,0.8384607361576748,0.07950840895800548,16,2
932,2.0,1.0581833764548203,4.868618585037409,28,6
933,0.0,3.409102187658555,0.0,9,2
934,0.0,3.2645586763273835,0.21034088100302073,38,6
935,2.0,0.08209248563259486,0.0,26,4
936,3.0,3.097108121938234,4.166936438226178,38,6
937,1.6729003085763372,2.544163094902737,1.0114895157442203,29,4
938,1.0,1.2395295431663165,1.4749704089184554,18,2
939,2.0,1.0,2.437886829950722,14,2
940,1.7243565057501815,1.1150975523215578,3.4914080245357795,32,4
941,1.3839246200715332,2.329799503360752,2.1174862399239194,14,2
942,0.0,2.3288431223350123,2.0904056487410854,42,6
943,0.0,3.31565209954043,1.5655320857783348,16,2
944,0.0,0.3823857039329077,2.1330334640005515,44,6
945,0.6868044326365474,2.7389031175281815,3.7347145119230793,35,6
946,1.0,2.3254096092310093,3.4228445793028923,24,4
947,0.9349868842738736,2.0,0.0,26,4
948,0.0,1.225072684401007,1.1975269830507282,18,2
949,2.0,2.3496432420970965,0.8686475923036832,39,6
950,0.0,1.9455263521687023,2.7061609448203066,24,4
951,0.0,1.0,2.3389422206484087,38,6
952,2.0,2.3018399856693,0.0,28,4
953,0.0,5.0,5.0,34,6
954,1.0,3.0462393948622983,3.8520671529602004,38,6
955,0.0,1.2630633728140372,0.0,24,4
956,0.24774603080815316,1.603308568198428,0.4100069255578876,30,4
957,0.0,1.0,3.433651532848347,18,2
958,2.0,2.352781430010964,0.3525789809788033,25,4
959,0.0,1.0863079780467526,1.5971126707976069,27,4
960,1.0,1.8743854409634242,2.8477655645847078,15,2
961,0.0,3.1284840489612806,0.0,16,2
962,0.0,1.9960520649146618,0.0,45,6
963,0.0,2.1280191531999,0.5728947445739712,39,6
964,2.0,3.8884794413586685,0.0,25,4
965,2.0,1.0,0.0,23,4
966,2.0,2.228864872896387,4.331922891060548,42,6
967,2.0,1.7243379503001508,1.8471067031082846,16,2
968,3.0,2.6462053901195093,1.088995351062336,15,2
969,0.0,4.272102026547736,2.1847563499590006,13,2
970,2.209014100865179,0.36993981091432904,1.793931339928337,30,4
971,3.0,0.0,0.25124509669665723,11,2
972,0.0,0.0,2.7408304042495253,19,4
973,0.0,1.4292562091740564,1.189226555164719,21,4
974,3.0,2.186205166580333,3.813428176856378,38,6
975,2.0,0.37080705076016685,0.6330145489783362,25,4
976,1.0,2.3894108807782986,0.0,35,6
977,0.08423335908318919,5.0,0.22608303965186968,37,6
978,1.0,4.0,0.0,39,6
979,0.0,1.0235526845547476,3.8815833862062075,22,2
980,1.2720033448979242,2.8058636783557906,0.0,28,4
981,1.0,2.126643596515412,2.074665661566324,21,2
982,2.0,1.360047828920778,0.0,23,4
983,0.0,0.0,0.11450039909225118,42,6
984,4.0,1.2027028145571235,0.13498905821808727,15,2
985,2.5475473581415997,1.7746235730788635,1.6615290658212918,18,2
986,0.0,3.3360060836951178,2.6733483422036715,38,6
987,2.6168995517338507,2.2589020726073983,2.8542365788331705,21,4
988,0.0,1.1676922854577505,0.4016697308593291,30,4
989,1.0,1.5444276769011056,3.392024547118344,41,6
990,1.0,0.27975009547562735,0.0,39,6
991,0.0,0.0,2.135650352645209,18,2
992,1.0,1.7033332457501178,1.9982303633044811,43,6
993,0.0,1.0,1.100960382270749,43,6
994,1.0262914825362306,2.1816089054866303,2.4974818146044586,36,6
995,0.0,5.0,4.00825561532227,18,2
996,1.0,1.0,0.6471679811447302,36,6
997,3.0,3.010100117046399,1.0684954667457731,13,2
998,2.993603652400127,2.8994623027318873,0.0,38,6
999,0.0,1.0,0.6580442491763256,12,2
